{"cameraMode":{"drawMode":0,"name":"Shaded","section":"Shading Mode"},"sceneLighting":true,"audioPlay":false,"sceneViewState":{"m_AlwaysRefresh":false,"showFog":true,"showSkybox":true,"showFlares":true,"showImageEffects":true,"showParticleSystems":true,"showVisualEffectGraphs":true,"m_FxEnabled":true},"in2DMode":false,"pivot":{"x":512.7947387695313,"y":1219.255126953125,"z":23.11713218688965},"rotation":{"x":0.0677175298333168,"y":0.18742962181568147,"z":-0.012953218072652817,"w":0.9798555374145508},"size":1475.0782470703125,"orthographic":false}